{
    "info": {
      "name": "Dish API Collection",
      "description": "Postman collection for managing dishes in the restaurant system.",
      "schema": "https://schema.getpostman.com/json/collection/v2.1.0/collection.json"
    },
    "item": [
      {
        "name": "Create Dish",
        "request": {
          "method": "POST",
          "header": [
            {
              "key": "Content-Type",
              "value": "application/json"
            },
            {
              "key": "Authorization",
              "value": "Bearer <your_token>",
              "type": "text"
            }
          ],
          "body": {
            "mode": "raw",
            "raw": JSON.stringify({
              "restaurant_id": "1",
              "dish_name": "Pasta",
              "images": ["image1.jpg", "image2.jpg"],
              "price": 12.99,
              "discount": 10
            })
          },
          "url": {
            "raw": "{{base_url}}/api/v1/dishes",
            "host": ["{{base_url}}"],
            "path": ["api", "v1", "dishes"]
          }
        }
      },
      {
        "name": "Update Dish",
        "request": {
          "method": "PUT",
          "header": [
            {
              "key": "Content-Type",
              "value": "application/json"
            },
            {
              "key": "Authorization",
              "value": "Bearer <your_token>",
              "type": "text"
            }
          ],
          "body": {
            "mode": "raw",
            "raw": JSON.stringify({
              "dish_name": "Updated Pasta",
              "images": ["updated_image1.jpg", "updated_image2.jpg"],
              "price": 14.99,
              "discount": 5
            })
          },
          "url": {
            "raw": "{{base_url}}/api/v1/dishes/:id",
            "host": ["{{base_url}}"],
            "path": ["api", "v1", "dishes", ":id"],
            "variable": [
              {
                "key": "id",
                "value": "1"
              }
            ]
          }
        }
      },
      {
        "name": "Delete Dish",
        "request": {
          "method": "DELETE",
          "header": [
            {
              "key": "Authorization",
              "value": "Bearer <your_token>",
              "type": "text"
            }
          ],
          "url": {
            "raw": "{{base_url}}/api/v1/dishes/:id",
            "host": ["{{base_url}}"],
            "path": ["api", "v1", "dishes", ":id"],
            "variable": [
              {
                "key": "id",
                "value": "1"
              }
            ]
          }
        }
      },
      {
        "name": "Get Single Dish",
        "request": {
          "method": "GET",
          "header": [
            {
              "key": "Authorization",
              "value": "Bearer <your_token>",
              "type": "text"
            }
          ],
          "url": {
            "raw": "{{base_url}}/api/v1/dishes/:id",
            "host": ["{{base_url}}"],
            "path": ["api", "v1", "dishes", ":id"],
            "variable": [
              {
                "key": "id",
                "value": "1"
              }
            ]
          }
        }
      },
      {
        "name": "Get All Dishes for a Restaurant",
        "request": {
          "method": "GET",
          "header": [
            {
              "key": "Authorization",
              "value": "Bearer <your_token>",
              "type": "text"
            }
          ],
          "url": {
            "raw": "{{base_url}}/api/v1/dishes?restaurant_id=1",
            "host": ["{{base_url}}"],
            "path": ["api", "v1", "dishes"],
            "query": [
              {
                "key": "restaurant_id",
                "value": "1"
              }
            ]
          }
        }
      }
    ],
    "variable": [
      {
        "key": "base_url",
        "value": "http://localhost:3000"
      }
    ]
  }
  